"Term","Df","Sum Sq","Mean Sq","F","N.Perm","Pr(>F)"
"Groups",1,0.0341542588825552,0.0341542588825552,3.41122125926671,999,0.065
"Residuals",129,1.2915900379903,0.0100123258758938,NA,NA,NA
