"Term","Df","Sum Sq","Mean Sq","F","N.Perm","Pr(>F)"
"Groups",1,0.443275887101304,0.443275887101304,105.132329998986,999,0.001
"Residuals",128,0.539694245809202,0.00421636129538439,NA,NA,NA
