"Term","Df","Sum.Sq","Mean.Sq","F.value","Pr..F."
"Groups",1,0.0341542588825552,0.0341542588825552,3.41122125926671,0.0670458984963711
"Residuals",129,1.2915900379903,0.0100123258758938,NA,NA
