"Term","Df","Sum Sq","Mean Sq","F","N.Perm","Pr(>F)"
"Groups",1,0.00163999354322864,0.00163999354322864,0.290998431087677,999,0.586
"Residuals",129,0.72701136664463,0.00563574702825294,NA,NA,NA
