"Term","Df","Sum Sq","Mean Sq","F","N.Perm","Pr(>F)"
"Groups",1,0.0092651253978316,0.0092651253978316,2.10240785375278,999,0.152
"Residuals",129,0.568491586533438,0.00440691152351502,NA,NA,NA
