"Term","Df","Sum.Sq","Mean.Sq","F.value","Pr..F."
"Groups",1,0.0194756911708787,0.0194756911708787,4.16506705042769,0.0433217941912086
"Residuals",128,0.598523010479866,0.00467596101937396,NA,NA
