"Term","Df","Sum.Sq","Mean.Sq","F.value","Pr..F."
"Groups",1,0.0092651253978316,0.0092651253978316,2.10240785375278,0.149494338287248
"Residuals",129,0.568491586533438,0.00440691152351502,NA,NA
