"Term","Df","Sum.Sq","Mean.Sq","F.value","Pr..F."
"Groups",1,0.0254172820350868,0.0254172820350868,3.68218991189873,0.0572227990490634
"Residuals",128,0.8835535858642,0.00690276238956407,NA,NA
