"Term","Df","SumOfSqs","R2","F","Pr(>F)"
"Intensity",1,7.16484340596773,0.160736339696426,25.4158651991098,1
"Frequency",1,0.653929890046767,0.0146702853068157,2.31968697616672,1
"Composition",1,0.484299133181079,0.0108647831606257,1.71795540914736,1
"Intensity:Frequency",1,0.561529210421456,0.0125973653297979,1.99191383660208,1
"Intensity:Composition",1,0.257480955052289,0.00577633646845279,0.913362773497092,1
"Frequency:Composition",1,0.431361404739537,0.00967717636737055,1.53016928546227,1
"Intensity:Frequency:Composition",1,0.347449832666143,0.00779470131676219,1.23250957629314,1
"Residual",123,34.6742372148282,0.77788301235375,NA,NA
"Total",130,44.5751310469032,1,NA,NA
